{
  "mean": [
    105.01484404380123,
    -26.107461052073216,
    1177.787879427274
  ],
  "std": [
    32.02082659438624,
    24.25530670728066,
    12.339736431864754
  ],
  "unit": "mm"
}